Vasiljevic,Borka,35,061885476,Fondacija tuzlanske zajednice,borka.vasiljevic@gmail.com,Banja Luka
Ilicic,Danijel,45,063863649,Fondacija tuzlanske zajednice,danijel.ilicic@gmail.com,Mostar
Masic,Ibrahim,59,063930262,Limenka,ibrahim.masic@gmail.com,Sarajevo
Alihodzic,Edina,28,063990292,Limenka,edina.alihodzic@gmail.com,Tuzla
Bajraktarevic,Ado,43,061370666,Limenka,ado.bajraktarevic@gmail.com,Sarajevo
Levacic,Marko,49,063704854,Sezam,marko.levacic@gmail.com,Mostar
Knezevic,Elmedina,38,061745518,Njam Njam,elmedina.knezevic@gmail.com,Tuzla
Oslic,Zdenka,55,063669716,Planika,zdenka.oslic@gmail.com,Brcko
Saric,Kerim,43,063180181,Njam Njam,kerim.saric@gmail.com,Zenica
Kraljic,Goran,49,061911990,Limenka,goran.kraljic@gmail.com,Mostar
Pajic,Janko,26,063470362,Sezam,janko.pajic@gmail.com,Zenica
Grubic,Nenad,49,061228199,Irish Pub,nenad.grubic@gmail.com,Mostar
Mujagic,Rahim,60,063726645,Fondacija tuzlanske zajednice,rahim.mujagic@gmail.com,Sarajevo
Savicevic,Sofija,35,061726690,Limenka,sofija.savicevic@gmail.com,Banja Luka
Nerovcic,Sinisa,27,061557108,Limenka,sinisa.nerovcic@gmail.com,Mostar
Opacak,Danica,36,063009132,Fondacija tuzlanske zajednice,danica.opacak@gmail.com,Brcko
Alihodzic,Nedzad,40,063163661,Njam Njam,nedzad.alihodzic@gmail.com,Sarajevo
Vladimirovic,Marinko,26,063791612,Njam Njam,marinko.vladimirovic@gmail.com,Banja Luka
Bicakcic,Refija,73,061032176,Planika,refija.bicakcic@gmail.com,Tuzla
Pajic,Avram,26,063632481,Irish Pub,avram.pajic@gmail.com,Zenica
Mesic,Hasija,26,061228915,Planika,hasija.mesic@gmail.com,Tuzla
Georgijevic,Nadja,44,061955869,Irish Pub,nadja.georgijevic@gmail.com,Mostar
Tanackovic,Ruzena,36,063980627,Sezam,ruzena.tanackovic@gmail.com,Brcko
Pasic,Hurem,55,063149948,Sezam,hurem.pasic@gmail.com,Tuzla
Grzan,Maja,18,061894903,Sezam,maja.grzan@gmail.com,Brcko
Andric,Tomislav,26,063246289,Irish Pub,tomislav.andric@gmail.com,Zenica
Kostic,Igor,45,061104396,Sezam,igor.kostic@gmail.com,Mostar
Simic,Ruzica,28,063751056,Njam Njam,ruzica.simic@gmail.com,Banja Luka
Nikolic,Radoslav,26,063346166,Irish Pub,radoslav.nikolic@gmail.com,Zenica
Kranjec,Stela,63,061247165,Limenka,stela.kranjec@gmail.com,Mostar
Mijatovic,Mijat,26,063781470,Fondacija tuzlanske zajednice,mijat.mijatovic@gmail.com,Zenica
Borisavljevic,Dobrivoje,43,063575621,Irish Pub,dobrivoje.borisavljevic@gmail.com,Zenica
Rozic,Mislav,27,061745124,Sezam,mislav.rozic@gmail.com,Mostar
Spahic,Naida,44,061703574,Njam Njam,naida.spahic@gmail.com,Tuzla
Karic,Sadika,18,063108433,Planika,sadika.karic@gmail.com,Tuzla
Mijatovic,Vujica,35,061362010,Sezam,vujica.mijatovic@gmail.com,Banja Luka
Sertic,Budimir,45,061928103,Limenka,budimir.sertic@gmail.com,Mostar
Pranjic,Djurdja,36,061667461,Njam Njam,djurdja.pranjic@gmail.com,Brcko
Blagojevic,Ingwar,43,063580905,Fondacija tuzlanske zajednice,ingwar.blagojevic@gmail.com,Zenica
Jovanovic,Gorana,35,061341600,Fondacija tuzlanske zajednice,gorana.jovanovic@gmail.com,Banja Luka
Mujkanovic,Fadil,43,061419578,Planika,fadil.mujkanovic@gmail.com,Sarajevo
Bacic,Mila,22,061018484,Fondacija tuzlanske zajednice,mila.bacic@gmail.com,Mostar
Separovic,Renata,63,061309002,Njam Njam,renata.separovic@gmail.com,Brcko
Nikolic,Zorana,18,061944665,Njam Njam,zorana.nikolic@gmail.com,Mostar
Rakocevic,Peruna,28,061127370,Planika,peruna.rakocevic@gmail.com,Banja Luka
Radovic,Sehzada,42,061433832,Fondacija tuzlanske zajednice,sehzada.radovic@gmail.com,Tuzla
Begovic,Berina,82,063811374,Planika,berina.begovic@gmail.com,Tuzla
Nikolic,Ezib,43,061212730,Fondacija tuzlanske zajednice,ezib.nikolic@gmail.com,Sarajevo
Hodzic,Sefik,49,061611364,Planika,sefik.hodzic@gmail.com,Sarajevo
Jovic,Budimir,26,063275477,Limenka,budimir.jovic@gmail.com,Zenica
Sutalo,Bozidar,45,061173741,Planika,bozidar.sutalo@gmail.com,Mostar
Mehic,Mersija,35,061744487,Irish Pub,mersija.mehic@gmail.com,Tuzla
Bojanic,Vladimir,26,061841205,Limenka,vladimir.bojanic@gmail.com,Banja Luka
Todorovic,Leposava,35,061597567,Fondacija tuzlanske zajednice,leposava.todorovic@gmail.com,Banja Luka
Causevic,Omer,20,061995340,Limenka,omer.causevic@gmail.com,Sarajevo
Ramic,Branka,63,061410804,Planika,branka.ramic@gmail.com,Brcko
Hajdarevic,Medina,22,061931699,Planika,medina.hajdarevic@gmail.com,Tuzla
Brulja,Renato,18,061746842,Fondacija tuzlanske zajednice,renato.brulja@gmail.com,Mostar
Borjanic,Tina,26,063890919,Njam Njam,tina.borjanic@gmail.com,Brcko